ID,FirstName,LastName,Phone,PhoneCode,Email,Gender,Date Of Birth,Role,Address1,Address2,City,State,PinCode,Status,CreatedDate
63889da3fb6a02327e9671f2,Sri,Haran,96772768432,213,sriyurfyuer@gmail.com,male,Thu Sep 09 2010 00:00:00 GMT+0530 (India Standard Time),Teacher,chennai, chennai,chennai,tn,600897,active,Thu Dec 01 2022 17:57:15 GMT+0530 (India Standard Time)
63899f22b00b2b3c53d6e782,Master,Baskar,96772768432,213,master@gmail.com,male,Thu Sep 09 2010 00:00:00 GMT+0530 (India Standard Time),Teacher,chennai, chennai,chennai,tn,600897,active,Fri Dec 02 2022 12:15:54 GMT+0530 (India Standard Time)
638b597b178fd923bba41b7f,Sridhar,R,7094715969,91,sridharofficialmail@gmail.com,male,Fri Feb 09 2001 00:00:00 GMT+0530 (India Standard Time),Teacher,Alangudi,Pudukkottai,Trichy,Tamil Nadu,622301,Active,Sat Dec 03 2022 19:43:15 GMT+0530 (India Standard Time)
6391bf14b15cdba96dec8bc1,Sridhar,R,7094715969,91,demo@gmail.com,male,Fri Feb 09 2001 00:00:00 GMT+0530 (India Standard Time),Teacher,Alangudi,Pudukkottai,Trichy,Tamil Nadu,622301,Active,Thu Dec 08 2022 16:10:20 GMT+0530 (India Standard Time)
6391ddc49e3b8d7b526eb22b,Sridhar,R,7094715969,91,demoa@gmail.com,male,Fri Feb 09 2001 00:00:00 GMT+0530 (India Standard Time),Teacher,Alangudi,Pudukkottai,Trichy,Tamil Nadu,622301,Active,Thu Dec 08 2022 18:21:16 GMT+0530 (India Standard Time)
6395796150b10346f071e838,sri,dhar,123,12,sri,sri,Thu Jan 01 1970 08:55:45 GMT+0530 (India Standard Time),sri,sri,sri,sri,sri,2323,active,Sun Dec 11 2022 12:02:01 GMT+0530 (India Standard Time)
6396c1a978f23b64a6c0c348,Sridhar,R,7094715969,91,demo0@gmail.com,male,Fri Feb 09 2001 00:00:00 GMT+0530 (India Standard Time),Teacher,Alangudi,Pudukkottai,Trichy,Tamil Nadu,622301,Active,Mon Dec 12 2022 11:22:41 GMT+0530 (India Standard Time)
6396d5cf7f5e08f29037ecd0,Sridhar,R,7094715969,91,demo10@gmail.com,male,Fri Feb 09 2001 00:00:00 GMT+0530 (India Standard Time),Admin,Alangudi,Pudukkottai,Trichy,Tamil Nadu,622301,Active,Mon Dec 12 2022 12:48:39 GMT+0530 (India Standard Time)
6396d89ef4a300068d2a30ba,Sridhar,R,67581332543645,91,admin@gmail.com,male,Fri Feb 09 2001 00:00:00 GMT+0530 (India Standard Time),Admin,Alangudi,Pudukkottai,Trichy,Tamil Nadu,622301,Active,Mon Dec 12 2022 13:00:38 GMT+0530 (India Standard Time)
6396d8a6f4a300068d2a30be,Sridhar,R,7094715969,91,teacher@gmail.com,male,Fri Feb 09 2001 00:00:00 GMT+0530 (India Standard Time),Teacher,Alangudi,Pudukkottai,Trichy,Tamil Nadu,622301,Active,Mon Dec 12 2022 13:00:46 GMT+0530 (India Standard Time)
6398086bd1904183aaca0308,Sridhar,R,7094715969,91,sridharofficialmaikl@gmail.com,male,Fri Feb 09 2001 00:00:00 GMT+0530 (India Standard Time),Teacher,Alangudi,Pudukkottai,Trichy,Tamil Nadu,622301,Active,Tue Dec 13 2022 10:36:51 GMT+0530 (India Standard Time)
6398088dd1904183aaca0310,Sridhar,R,7094715969,91,sridhofficialmaikl@gmail.com,male,Fri Feb 09 2001 00:00:00 GMT+0530 (India Standard Time),student,Alangudi,Pudukkottai,Trichy,Tamil Nadu,622301,Active,Tue Dec 13 2022 10:37:25 GMT+0530 (India Standard Time)
639af01fdfabcf3574fd9a71,Demo,CSV,7094715969,91,csv@gmail.com,male,Fri Feb 09 2001 00:00:00 GMT+0530 (India Standard Time),Teacher,Alangudi,Pudukkottai,Trichy,Tamil Nadu,622301,Active,2022-12-15 03:27
639d572200ddc1df1aa3d7a2,Demo,CSV,7094715969,91,sridhar@innovixtech.com,male,02-09-2001,Teacher,Alangudi,Pudukkottai,Trichy,Tamil Nadu,622301,Active,2022-12-17 11:10
